category,id,correct_answer,difficulty
Misc,4202,Boiling Water,medium
Instruments,7647,Theramin,hard
Instruments,14354,Mandolin,medium
Instruments,15401,Tibetian Bell,medium
Animals,16933,Donkey,easy
Instruments,19433,Snaredrum,easy
Instruments,19457,Xylophone,medium
Misc,23249,Can Opening,easy
Misc,26870,CD tray,hard
Misc,240984,Chopping Wood,easy
Machines,38567,Formula 1 Car,hard
Instruments,44641,Tenor Sax,hard
Machines,58811,Clock,medium
Instruments,59239,Gong,easy
Animals,59569,Horse,easy
Instruments,66352,Bongo Drum,easy
Animals,73371,Bee,medium
Instruments,74871,Electric Guitar,medium
Animals,74908,Whale,easy
Machines,78657,1200 baud modem,hard
Instruments,88655,Cello,medium
Misc,90205,Shovel,medium
Machines,103301,Chain saw,hard
Animals,103419,Pig,easy
Animals,115362,Mountain Lion,easy
Misc,116751,sheet metal,medium
Machines,118440,Drill,easy
Animals,121511,Cricket,easy
Machines,122822,Washing Machine,medium
Misc.,132029,Tape player,medium
Machines,138049,Typewriter,easy
Animals,139875,Elephant,easy
Instruments,145462,Steel Drum,easy
Misc.,158201,Record Player,easy
Machines,166690,Printer,medium
Instruments,175409,Trombone,hard
Misc,187607,Bubble Wrap,medium
Animals,194949,Crows,medium
Machines,196678,Coffee Grinder,hard
Machines,212616,Refrigerator,hard
Machines,216381,Lawn Mower,medium
Misc,221528,glass breaking,easy
Machines,235505,Stapler,medium
Machines,241763,elevator,easy
Misc,256564,Bag of chips,hard
Misc,256568,Cork Pop,medium
Animals,260788,Howler Monkey,easy
Machines,324313,Commercial Plane,easy
Misc,347163,firework,easy
Machines,347973,Propeller Plane,easy
Machines,362314,Table saw,hard
Misc.,365512,Pen clicking,easy
Misc,366364,Umbrella,easy
Machines,371815,Hair Dryer,medium
Animals,387544,Fox,hard
Machines,396992,Helicopter,easy
Animals,415153,Owl,easy
Misc,423777,Lighter,medium
Machines,424735,Vacuum,medium
Instruments,425542,Ukulele,medium
Instruments,427502,Clarinet,easy
Animals,444587,Kitten,easy
Animals,475043,White Eyed Vireo,hard
Animals,479235,Goat,medium
Misc,484269,Balloon Deflating,easy
Instruments,486952,Harp,medium
Misc,494324,Bicycle Freewheeling,easy
Instruments,506266,Lute,hard
Instruments,510796,Maraca,hard
Animals,510917,Seagull,easy
Instruments,514847,Oboe,hard
Animals,515053,Cicada,easy
Instruments,517824,Toubeleki,hard
Instruments,523909,Violin,medium
Misc,533171,Vegetable Dicing,easy
Animals,540162,Snake,easy
Instruments,546887,Melodica,hard
Instruments,564441,Bass Guitar,medium
Machines,584605,Car,easy
Machines,587043,Microwave,easy
Animals,590054,Geese,easy
Animals,592786,Turkey,easy
Animals,618980,Lion,easy
Misc,619018,Chalk on Board,easy
Machines,621132,Sewing Machine,medium
Instruments,627333,Harpsichord,hard
Instruments,632817,Acoustic Guitar,medium
Animals,679954,Cat,easy
Misc,636526,Spray Bottle,easy
Machines,649692,Air Conditioner,easy
Misc,655456,Controller Joystick,medium
Misc,662256,Tennis,medium
Animals,128074,Dog,medium
Machines,667383,Pencil Sharpener,medium
Animals,667579,Bat,hard
Misc,669395,Boat,hard